{"pos":{"x":154.329345703125,"y":260.9900207519531},"health":57,"coin":0,"level":5,"weapons":[1,0,0,0,0,0,0,0]}