{"pos":{"x":238.4150848388672,"y":252.10482788085938},"health":100,"coin":0,"level":2,"weapons":[1,0,0,0,0,0,0,0],"orcBoss":false,"undeadBoss":false,"demonBoss":false}