{"pos":{"x":210.29611206054688,"y":339.536865234375},"health":15,"coin":0,"level":3,"weapons":[29,11,10,0,0,0,0,0]}