{"pos":{"x":77.8912124633789,"y":221.21450805664063},"health":71,"coin":4,"level":3,"weapons":[11,0,0,0,0,0,0,0],"orcBoss":false,"undeadBoss":false,"demonBoss":false}