{"pos":{"x":226.7979278564453,"y":259.16522216796877},"health":100,"coin":0,"level":2,"weapons":[23,28,20,0,0,0,0,0]}