{"pos":{"x":179.00021362304688,"y":85.21177673339844},"health":100,"coin":999,"level":5,"weapons":[1,0,0,0,0,0,0,0],"orcBoss":false,"undeadBoss":false,"demonBoss":false}