{"pos":{"x":200.4886474609375,"y":72.96525573730469},"health":100,"coin":0,"level":5,"weapons":[0,0,0,0,0,0,0,0]}